ID,Clan Tag,Clan Name
500075612,--C_N,** Cosa ** Nostra **
500156645,--HGS,La Horde des Grognards Sauvages
500165862,-2DB-,2 eme Division Blindée LECLERC
500190829,-3DB-,III Division Blindée
500002428,-5O1-,501ème FFI
500075006,-74-,Les Haut Savoyard
500136533,-76-,Ghost_69
500141502,-A-N-,alliance niçoise
500195032,-BLX-,LE TERRIER
500022755,-B_S-,--BLOCUS--
500053379,-CDC-,Cri Du Canon
500025088,-CDG-,Les Chiens de Guerre
500183844,-CFI-,.Compagnie Française Impériale.
500066958,-CGT-,Confrérie Générale des Tankistes
500028311,-CVR-,CLAN DES VIEUX RALEURS 2.0
500034926,-DLT-,Défouraillez Les Tous !!
500030924,-DS1-,Daemons Skulls
500073288,-FADA,L€S F@D@S
500148728,-FBA1,French Brother Academy
500036190,-FBP-,French Bloody Panthers
500027780,-FFS-,Fédération FR des Spartans
500033103,-FR--,France Tanker
500050941,-FRAN,le clan francais
500010887,-FSL,FRENCH STEEL LEGION
500020214,-GEEK,l'Élite des Geeks Français
500004312,-LA-,LEGIO AUXILIA
500054537,-LAM-,La-Meute
500060430,-LCDC,Le Clan Des Cactus
500215895,-LCR-,Les Casques Rayés
500045412,-LIG-,Les Immortels Guerriers
500166034,-LPF-,Les Phonix de Feu
500050025,-LPL-,Le Pacte des Loups
500062819,-LTN-,- Les Templiers Noirs-
500304014,-MEOW,IN MEOW WE TRUST
500135152,-MGP-,Multi Gaming Players
500215888,-NFE,...::: Noobs For Ever :::...
500044095,-PCS-,PROJECT CONQUERORS
500066504,-PEPS,The PEPSIS
500005006,-R-D-,Le Royal-Dragon
500147009,-RDF,Pz-Regiment 4
500151729,-RVT-,The Revenants
500221804,-SHY-,Shiny Shy!
500194102,-UEF-,Unité d'élite francaise
500176231,-ZFS-,Zouaves Forces Spéciales
500024031,-_G_-,Les Gaziers
500071120,0BUS,OBUS dans ta face !
500026476,0DAY,Zero-day strike vector
500159230,0PUS,Octopus Gaming
500045142,0SEF,:-[O.S.E.F]-:
500206410,0XY,Oxudercinae Saumoné
500068072,1-DBF,La 1ère Division des Blindées Fantômes
500034037,1-DFL,-1re division française libre-
500028092,1067,Colonne Durruti
500154954,12LVF,12eme Légion de Volontaire Francais
500139243,12MON,les 12 monkeys
500179765,13ECB,13EME Escadron de Chars Blindés
500181733,14JUI,République française
500073106,17875,Les champions
500157192,1944D,D-Day 1944
500014494,1B-NU,1er Bataillon des Nations-Unies
500135596,1BEXP,1er Bataillon d'expérimentation
500076115,1DBFL,1 division blindé france libre
500010030,1DBR,1re Division Blindée Réserviste
500028203,1FFC,1ère Force Française de Combat
500045939,1LB,1ere Légion Blindée
500020521,1RBC,1er Régiment de Blindés Cuirassiers
500039890,1RCB,1er Régiment de Chasseurs Bretons
500020280,1RCH,1er Régiment de Chasseurs
500022862,1SAFE,UnSafe
500061168,1_RDF,Premier Régiment de Blindés Francophones
500149991,235DB,235eme division blindée
500069924,2500,KVJEAX
500174940,256,fier d etre etoile
500032042,27BCA,27eme bataillon de chasseurs alpins
500167370,27EBC,27eme Bataillon des chasseurs alpins
500213437,2BAME,2BAME
500000424,2DB,2e Division Blindée
500029422,2DBFL,2e Division Blindée Francaise Leclerc
500051072,2DBH,2eme Division Blindée Héritage
500062515,2DBHS,2ème Division Blindée Haut-Savoyarde
500058291,2RAQ,2e Régiment d'Antarctique
500179348,2RFB,2 Régiment Franco Belge
500070434,3410,METALGUN4
500048133,35RI,35ri
500066344,3DBFL,3e Division Blindée Française Leclerc
500027942,3PX,Pixel Shot!
500190277,4-RCF,4ème Régiment de Chasseur Francais
500072154,4DBFL,4e Division Blindée Française Leclerc
500026655,4G,4GLORY
500163900,5-DB,5éme Division Blindé Française
500049514,5-RC,5éme Régiment de Cuirassiers. (FFA)
500025308,501-3,3ème escadron du 501ème RCC
500200176,501DC,501ème Division du Cèrbère
500045925,58DB,58ème Division Blindée
500163764,5DBFR,5e division de blindés
500055145,5EMEC,5 eme regiment de cuirassiers
500059176,5RCCF,501e-503e Régiment de char de combat Français
500155379,69RTT,69e Régiment des Tankistes Tranquilles
500074812,6JUNE,le clan du 6 juin 1944
500041557,7-_-7,LES TITANS
500007000,7C,7ème Compagnie
500052075,7DFBF,7éme Division des Forces Blindées Françaises
500028729,7EDB,7ème Escouade De Blindés
500024159,7FRBE,La 7ème compagnie Franco-Belge
500067584,7RBF,7ème régiment blindé français
500011747,8BB,8 brigade blinde
500048952,92RGC,92° Régiment de la garde celte
500057763,A-0-S,Army of Smurfs
500029645,A-F-R,L'Agence Fou Rire
500027026,A-I-E,Alea Iacta Est ( Le sort en est jeté)
500009237,A-T-O,Army Terror Origins
500142675,ACAN,Acharnés
500021124,ADO,No Brain
500194283,AFB30,Alliance Française des Blindés
500200038,AGROU,AGROUGROU
500075943,ALIAS,ALIAS Team Elit
500160857,ALV,Aller les Verts
500170746,AMORI,"Aut vincere, aut MORI !"
500011685,AMXFR,Fabrique D'AMX 1948
500035138,ANPE,Ah non ! Pas eux ...
500022447,ANTS_,Titres sécurisés is serious business
500135904,AOKW,Art Of Keewee
500154580,AR-M,ARMOR MORTAL
500061996,ARCE,Armé Révolutionnaire de Chars Elite
500154733,ARFF,AmmoRack French Faction
500007625,ARL,Anti Rouille Lubrifiant
500135519,AR_H,Ar_H
500042383,ASHEN,The Ashen Forge
500028572,AT0MG,AT0MG
500017768,ATCO,Army Terror Corporation
500148292,ATF40,Armée de terre française 1940
500012786,ATFO,Army Terror Formation
500191501,ATFR,AT'Corp française
500215548,AWGFP,A WANNA GUN A FOR PLEASE
500144755,B-B-1,Big Blue One
500060747,B-B-F,Brigade des Blindés Français
500045143,B-B_C,Bip Bip et Coyote
500033562,B-C-F,Bataillon des Canards Flingueurs
500048687,B-CAT,Les suricates [B]
500174784,B-R-F,les Berêts Rouges Français
500032742,BABFR,BAND AND BROTHERS FR
500058468,BAGET,Baguette power
500072690,BAJA,Bastion d'As-tankistes Jongleurs d'Ananas
500159764,BALEC,bataillon anti-char leclerc
500044660,BALTO,"Le BALTO - le bar tabac des "" BALTRINGUES """
500215804,BAROU,BAROUDEUR
500018530,BBFR,BANZAI BLINDE.fr
500173848,BBRFR,Barbarians Power
500070459,BDBF,brouillard de bataille
500046108,BDM,Les Briseurs de Métaux
500045120,BDOFB,band of brother
500009182,BELTF,BELGIUM TEAM FRENCH
500052013,BFDC,Brigade Francophone De Combat
500027508,BLAZE,Hurricane Force
500074759,BLKMA,BLACK-MAMBA
500065034,BMG-1,BULLS MARKET GROUP 1
500188139,BO0ST,les boosted
500071727,BRAD,Easy compagnie
500174529,BR_OS,BRO'S
500045442,B_C_G,-Bataillon.Chars.Gaulois-
500060194,B_P_L,Bloody Phoenix Legion
500045130,B_R_O,La Big Red One
500065002,C-D-T,Commando Des TIGRES
500072423,C-F-S,[C_F_S] Company of French Soldier
500220439,C0PE,Skill Issue
500204903,C4VE,La Cave à Gamay
500208092,CABFR,Croissants Au Beurre
500069304,CB-FR,Compagnie blindée française libre
500074844,CBK2A,Corsicans Black Knights
500063568,CCCP5,Les Loups de la Volga
500033711,CD-FR,Carpe Diem
500137500,CF-CB,La Confrérie Française des Chars Blindés
500068744,CF1,Compagnie fantôme
500073364,CFDB,Compagnie Française Des Blindés
500075596,CFDFN,clan français des furets noir
500023661,CFDT,Clan Francophone De Tankistes
500076134,CFF,Corbeaux Fous Furieux
500066220,CFRP,Centre Francais de Rééducation Psychomotrice
500073589,CFWT,LES FAUCONS NOIRS
500185821,CGJ,The Crazy Gang of Joker
500214453,CH1CK,CHICK
500045639,CHAC,Chacal Compagnie
500138528,CHK4L,les chacals du désert
500006253,CKC,! Chickens coop !
500029526,CLASH,Clan des Léopards de l'Atlantique Semi-Hédoniste
500057412,CM_FR,Les Chars-MEURS
500190971,CONCH,WE WILL CONCHE YOU ALL
500137856,COOLB,Cool Brother
500000248,CPC,Canards d'acier
500044602,CQT,CyberQualyTeam
500030557,CRNGE,CringeLand
500198972,CRNGO,Oh no ! CRINGO ...
500076504,CROC,LOUP
500028571,CSFI,Commando Spécial des Forces Internationnales
500061751,CTR0L,Crazy Troll
500061665,CTS,CLAN DES TANKISTES SOLIDAIRES
500169418,CUKAS,SUCE
500017763,CXIII,CHACALS Club XIII
500148375,CZBLD,Cenzub Forad Blindée
500071574,D-I-L,tankeur.fou
500008961,D-T-C,Dream Team Company
500185145,D-VN,718e Division de la Vipère Noire
500150042,D4TA,"D4ta is source, D4ta is power"
500148435,DABFR,French DAB
500016681,DAGU1,Les Hussards [Clan Dague]
500003939,DAGUE,La DAGUE [Clan La DAGUE]
500208983,DALI,"There are never absolute facts, only opportunities"
500045881,DANDY,NOobless OBlige
500033678,DAPH,Division Des Amateurs de Paté Henaff
500039342,DB-F,la Division des Blindée Français
500174555,DBF2,la 235 ème division blindé française
500154634,DBFE,elite 2eme division blindee francaise et europeenne
500051596,DBFR1,La 1 éré DB ( FR )
500024370,DB_FR,division blinde française
500065706,DDLB,Division Des Loups Blindés
500160943,DEGS,Les Déglingués
500014383,DEIFY,A man without anger will never know glory
500197480,DEMAP,"DEMAP, Detruire, Ecraser, Malmener Avec Plaisir (ღ˘⌣˘)♥ ℒ♡ⓥℯ ㄚ♡ⓤ"
500046461,DL44,Division Leclerc 1944
500048190,DODU,les lanceurs de dodus
500168071,DOYEN,Les Vétérans(FR)
500185985,DR0PS,DR0PS
500075825,DRUGZ,Drugz
500067718,DR_FR,DRAKEN FR
500188265,DS2BF,2eme Division Semi Blindé Française
500168264,DUST-,La poussière sera votre fin
500036325,DVN-G,Division Ghost
500046503,D_WAR,Digital Warfare
500138942,E-C-M,L'EQUIPE DES BOULETS
500187028,E-G-C,Eagle Rising
500167550,EARLY,La bataille appartient à ceux qui se lèvent tôt !
500064742,ECBOB,Easy company of Band of Brothers
500073909,ECLF,Escadron des chars lourds francophone
500066033,EDFR,Equipe de France
500074575,EGAUX,liberté-fr
500139606,EHPAD,Le beau séjour
500035234,EJARC,Escadron Jeanne d'Arc
500044302,ELANS,Les élans
500205234,EMC-2,empire des macrocéphales cannabiculteurs
500070757,ENLIL,ND/NM
500058712,ETR-P,Etrebil Phantôm
500057655,ETTFR,EliTe Team FR
500156008,ETTOC,Et Toc !
500075956,EX-OD,EXOD
500253294,EX1L,EX1L
500057403,EX1T,EX1T
500039554,EX20W,Les Maquisards de L'Ouest
500154327,EXODE,Exode
500071759,F--DI,French-Délirium-In
500013338,F-49,War of 49
500055002,F-AM,Frères-d'armes
500024803,F-D-L,Fer De Lance
500075367,F-E-T,ETERNITY TANKS
500050744,F-RNG,F-RNG
500025821,F-_-D,French Délirium
500018324,FAS_X,"French Armored Squad ""PhoeniX"""
500071714,FAUX,Les Comptables
500153573,FCLB,FRclub
500246147,FCN,Farming ClaN
500167706,FCR,FC.FRANCE
500153195,FDBF,Forces de Dissuasion Blindé Francais
500076518,FDDF,Frères d'armes de france
500153866,FFCA,Funny Fun Casual
500000151,FFE,Forces spéciales Françaises et Étrangères
500041312,FFN,les forteresses blindées
500048631,FFW-1,Fédération Française des joueurs de World Of Tank
500016056,FIDB,Force d'Intervention Des Blindés
500135616,FKIS,french-kiss
500161899,FLE,france libertee
500212969,FMGG,Full Metal Garbage !
500161647,FMRF,FULL METAL RACLETTE
500136615,FNE,France
500176077,FOAC,Force actarus494
500072668,FOGT,Forces of Ghost's Tanks
500066286,FONKY,FonKy FamILLy
500072750,FPCM,Fait pas chier Mémé
500046988,FPDG,Les Fra-Pas-Dingues
500027285,FR-29,Les Têtes Brûlés
500048396,FR-83,aramis83
500054946,FR-DF,Francais en action
500164438,FR-PR,FR-PR
500181751,FR-R,RAVAGEURS
500019742,FR-TR,Francs-Tireur
500153749,FR59,FR59.....Tank D'Acier Et Cracheur De Plomb..
500143290,FRACA,Les Fracasseurs
500059462,FRAFR,FR-Aubry-FR
500138105,FRANP,Les Pilotes Français
500152502,FRBN,FIRE REBORN
500052183,FRBNR,FRBNR
500198129,FRDD,French Red Dragons Division
500050839,FRF1,French Fighter's 1
500154444,FRFG,Forest Gun
500070230,FRGIF,FRENCH GIFTED
500058401,FRGS,Les Froggies
500010567,FRGT,!!French Gold Team!!
500035582,FR_TH,French Teutch Ops
500070275,FT-PF,francs-tireurs et partisans francais
500173642,FTFF,Force Tankiste Familiale Française
500041214,FUR1E,Furie Française
500060327,FURY-,-FURY-
500013293,FWS,Furious Warrior Squad
500030601,F_R_A,F_R_A
500152121,G-PY,Go-Play
500163035,G0LDN,Golden Noob Campers
500068014,GBOB,Genuine Band Of Brothers
500056406,GC444,The Last Chance
500013932,GDRFB,Gang Des Requins Franco Belge
500066000,GDUCK,GentleDucks
500062906,GGFR,Les Grognards de la Garde Impériale Française
500155418,GP02,les fou des tank
500136741,GRTT,GeRoTiTo
500076010,GVFB,La Grande Vadrouille Franco-Belge
500072111,HAPY-,HAPPY HEAT
500135214,HARDI,LE COQ HARDI
500054826,HOME1,Welcome Home !
500178853,HZ0NE,HORSZONE
500068526,IDPFT,IDP French Team
500068667,ILY,Iron Legacy
500075067,INDIE,Indie Clan
500189093,INFYS,Infinity.Tanks
500161584,IN_VI,_INVICTUS_
500035359,ISTC,Inter Syndicale des Tankistes Combattants
500046573,ITWT,In Tartiflette We Trust
500192517,IZZOU,El risitas el bagnador
500070945,JM-DB,La Jacke und mich division blindée
500161379,JOK-R,We Are Crazy !
500022156,JPR,Juste Pour Rire
500009533,JVC,Jeuxvideo.com forum wot
500164778,KA-MI,∞ KAMIKAZE ∞
500204951,KAAM,Le Cul de Chouette
500152965,KBB4,Khibackblood
500054044,KEPON,"KEPON d'un jour KEPON toujours, n' oublie pas ta bière et ta crète !"
500069062,KIF,Les Kamikazes Indomptables Français
500054888,KIIL,Les tueurs de noobs
500164763,KIND,Kinder Pingui
500063754,KOWS,Kings of WOT
500072129,L-A-R,L-A-R
500135793,L-B-F,Les Bisons Futés
500062198,L-B-R,Les Boulets Rouges
500066996,L-C-,Les Chats maigres
500052753,L-C-G,Les Coqs Gaulois
500052771,L-C-R,LE CERCLE ROUGE
500218546,L-C-W,Les lapins crétins de W.O.T
500061408,L-D-W,Liga-Der-Welten
500067361,L-D11,Les défonceurs de chars de l aude
500180244,L-IV,Legio IV Victrix
500193644,L-JMF,LES J'M'EN FOU
500161639,L-L-P,LA LEGION PERDUE
500177024,L-M-T,La Meute Des Ténèbres
500065133,L-S-F,les spartiates français
500029182,L-T-F,Les Tueurs Fou
500067764,L-TFR,LTFR
500072059,L-V-L,Les vieux Loups
500073285,L-V-R,Les Vieux Renards
500065040,L15S,les 15 samaritains
500076055,L7EC,la septieme compagnie
500178148,LA-DP,Les ailes du purgatoire
500135176,LA-FR,Les Amis FR
500034422,LADM1,les aigles de la mort {L.A.D.L.M}
500155913,LAPIN,le Clan Carrotéiste
500055090,LBAT,les bon amies tankistes
500013573,LBT,Les Bébés Tonnerre
500182513,LC-AF,LA CAGE AUX FOLLES
500166363,LCAT,LES COPAINS D'ABORD TANKISTES
500163816,LCCS,les cabots chars
500032886,LCDBF,La cavalerie des barbares français
500254529,LCDFN,Les Cités De France Narvalo
500051468,LCDLA,les chevaliers de l apocalypse
500136291,LCDT1,Les Cannoniers Des Ténébres
500189980,LCF20,Les casseurs Flotteurs
500027103,LCM,Les Cochons Masqués
500168560,LD-V,Les diables Verts
500064515,LDDT,Les Destructeurs De Tanks
500052799,LDGC,Les Détrousseurs de Grand Chemin
500073594,LDR,Les Dragons Rouge
500137696,LDSF,Les Dissident Français
500043726,LDTN,L'union des tankistes nationales
500135955,LEF83,LES ÉLITES FRANÇAISE DU 83
500182083,LEFR,Bienheureux les fêlés !
500069186,LEG-8,Légion 8
500070618,LELOP,Les Loups Gris
500062479,LFD59,les franc dragon 59
500148281,LFDA,les faucheurs d acier
500057145,LFDC_,les fous du combat
500013540,LFF,Les Forces Francaises
500021115,LFF3,Les Forces Francaises 3
500175587,LFFEG,La france en Guerre
500075167,LFPFR,Les Frères Poulets
500208215,LFRS,Les Faucheurss
500207661,LG-FB,Le gang Franco-Belge
500027951,LGI,La Garde Impériale
500153722,LGVF,Les Grands Vadrouilleurs Français
500151191,LHDL,LES HERITIERS DE LASALLE
500035329,LICS,les_incontournables
500159571,LLDN,Les Loups Du Nords
500061595,LLID,LIONS INDOMPTABLES
500042640,LLS1,Les Lapins Sanglants
500060243,LMDR,LES M D R
500030932,LMFX,Les Maquisards Furieux
500064991,LPL01,le peuple libre
500076114,LPX,Les Phenix
500159112,LR-CA,Les Résistants Contre-Attaquent
500197566,LRCA,Les Rapaces Chanceux Albinos
500205411,LRDF,Le régiment du Fun
500068945,LRF,Les résistants français
500011542,LRP,Les Requins du Pacifique
500136377,LS-33,LES SQUALES DU 33
500074711,LSCN,LES SCORPION NOIR
500060302,LSH-R,LSH Reloaded
500020312,LTAR,Les Tanks à Roulettes
500053091,LTBA,Les Têtes Brulées Académie
500027705,LTBFR,les tetes brulees fr
500156804,LTDMT,la tribu des melon tueurs
500036721,LTDO,Les Tankistes de l'Ombre
500074599,LTFSO,LES TANKISTES FRANCAIS DU SUD-OUESTSC
500065054,LTV,Les Tigres Victorieux
500064381,LUMA,La Compagnie des Lumas
500021193,LVGF,La vieille Garde Francaise
500062607,LVTV,les vieux tankistes volontaires
500060827,LW57,lorraine warriors
500069205,LZV,Le Zboub Vaincra
500030225,L_D_A,Les Dragons d'Acier
500032697,L_D_W,les démon de WOT
500069386,L_E_F,Liberté Egalité Fraternité
500038210,L_F_F,Les Fêtards Francais !!!
500010407,L_F_T,Les Francs Tankistes
500159970,L_G_D,LES GROS DIEPZ
500192994,M-D-R,Maison2Repos
500002059,MADFR,Madness
500198217,MAND0,Mandalorian
500031581,MEKA,Mekanical's Army
500138112,MET_H,METAL HURLANT
500138982,MF_T,MaFia-Tankistes
500042864,MGK,MGK Team
500176635,MJEUX,MULTI JEUX FR
500160929,MLGA,Les Marie-Louise de la Grande Armée
500179446,MMLC,les combattant de la liberté
500194990,MOROS,Le destin fatal
500057838,MU-FC,Mercenaire union francophone !
500028056,MYT,MYT
500016962,M_M_P,Méchante Meute de Potes
500145244,N-R-V,No Rage Vindict
500060049,N00T,NOOT
500153761,N0OBZ,Les Exécuteurs Testamentaires
500138242,NAFLE,nos âmes feront de nous une légende éternelle
500017291,NAPO,Bonaparte
500072633,NDNM,Ni Dieu Ni Maitre
500174060,NNGF,No Need To Go Further
500070829,NR-V,Les Enervés !
500161141,NVWS,NVWS : No Victory Without Sacrifice
500003716,NWBOT,NewBøt
500205697,O-P-H,L'Ordre Prétorien d'Hadès
500138049,O2VM,On Va Vous Mickey
500062609,OBK,ORPHAN BLACK
500033431,OBUS,batel map
500015777,OFS,Operation Force Special
500064003,OF_FR,L´ordre des faucheurs français
500136232,ORA,Organisation de Résistance de l'Armée
500212716,OZAMI,o_zami
500074408,P-L-S,Polygames
500015283,P-P-S,Les Petits Poneys Sanglants
500035426,P38,=Free Tanks=
500214957,PAM-A,Confrérie de la Sainte Patate (A)
500215006,PAM-B,Confrérie de la Sainte Patate (B)
500215094,PAM-C,Confrérie de la Sainte Patate (C)
500189202,PAM-D,Confrérie de la Sainte Patate (D)
500217258,PAM-E,Confrérie de la Sainte Patate (E)
500071307,PARAB,IN PARABELLUM
500136120,PEGI7,PEGI7
500010063,PGFFC,Pleasures Games For French Company
500166793,PHOK,PHOK the Karma
500020360,PLF,Pour le fun
500016758,PORC,La Porcherie
500163191,POUET,Pet d'Oursin Usagé Emanant d'un Tacos
500043454,POULE,Chick-Team
500055389,PR3D2,PREDATOR2
500175986,PTFD,PANTOUFLARD
500042530,PW-FR,PW-FR
500060632,PZ-S,501st Panzer Squad
500156330,PZJ-D,PanzerJäger Division
500161530,QBC,Les Querelleurs en Bat.-Chat
500032001,R-CAT,Les suricates [R]
500059133,R-E-P,LES R-E-P
500180299,R-I-A,5ème R-I-A-O-M
500075816,R-W-F,The Red Wolfs French
500071243,R0TI,"Toujours saignant, souvent à point, meilleur bien cuit."
500172249,RAB-,RIEN A BRANLER
500145751,RAF-H,Special Forces RAF-HMU
500245570,RAVFR,RaVen's
500072723,RAZ1R,The Team RAZ3R-I
500159243,RAZ3R,Team RAZ3R Revive
500143725,RB-FR,Régiment de Blindés Français
500027137,RBLFR,Régiment de Blindés Libre Français
500053652,RCF,Régiment de chars francophone
500137452,RCLF,Régiment des chars libres français
500155839,RECT0,RECTO - VERSO
500134970,REG,VAINCRE OU MOURIR
500069089,RF-FR,Rapid Fire FR
500026834,RHIN0,38ème BCC
500217684,RIIP,Qu'il/elle repose en paix
500054533,RIPRO,Rusé Insoumis professionnels Respectables Omerta
500192466,RTFR,Régiment de Tankistes Français
500213897,RVGD,RaVaGeD : The Era of Drama
500027236,RZBK,Razorback
500182762,S-C-F,Sans Clan Fixe
500180081,S4BRE,4ème Hussard
500057067,SAOR,Soldats Alliés aux Obus Ravageurs
500159235,SCOR-,Les. SCORPIONS
500052284,SCT,Le Sanctuaire !
500045116,SF-FR,Semper-fi [FR]
500203129,SFSL,Sang Froid Sans Lois
500066575,SGNR,Les Sanguinaires
500030712,SINGE,Sans Intelligence Ni Grosse Ecoute
500145981,SIPN,Siema Immigrés Polskis Naturistes
500205547,SK0LL,IN SK0LL WE TRUST !
500071409,SKUD,Consortium Soviétique de Haute Technologie Militaire
500178259,SKYNE,Skystone
500155451,SLMDR,les salamandres
500068991,SNCF_,Sans Nous C'est Foutu
500149099,SNPAI,Notice me Senpai
500066101,SNU,Shēdingu
500156525,SOAD,Sons Of A Death
500015295,SOFG,SPIRIT OF GAMERS
500157034,SPAR-,SPARTIATE team fr
500066063,SPDT,S.P.D.T
500063803,SPH1X,The power of the Sphinx...
500005918,SRE,Suisse Empire
500059545,SSM,Sauvons le Soldat Mignon
500062964,STLKN,_~°SteelKnight°~_
500031903,SUBX,SUBMARINE
500027036,SURI4,[ Les suricates ]
500208114,SURYA,Surya
500160092,S_PQR,Senatus_Populus Que Romanus
500050425,T-I-C,The Incredible Couillu
500020096,T-SK,Savoie-Killers
500174269,T-WIX,TWIX
500018884,T03,TANKER0303
500024817,T0XYC,TOXYC CAT 2
500055669,TBMW,Team Black Mamba Warriors
500063455,TBT8,The Black Tank
500045845,TB_FR,TANKBUSTERS FRANCE
500178641,TCOTR,the call of the revenge
500039643,TEAM_,I Have A Dream
500051412,TFC,The French Clan
500074084,TFOFS,THE FURY OF SHARKS
500061021,TFTK,The Furious TanKists
500013095,TGW,The Great Warriors
500142765,TK_FR,Tankistes Rebelles
500058561,TL-FR,TankLegends
500031313,TP-G,Taupe gun
500149202,TPH-,Tuer Pour l'Honneur
500173131,TPYS,The Poulpy's Squad
500069163,TRNR,The Rock N Roll Régiment
500065884,TSF_X,Les Tankistes sans frontière
500158711,TUCHE,LesTuche.FR
500067359,TURON,TURON
500045611,T_D_C,les Tankistes Du Chaos
500012761,T_N_T,The Noob Team
500031400,T__R,Tigres_Rouges
500045643,U-BMF,Union Blindé Militaire Francophone
500051423,U-F-T,Union Française de Tankistes
500056199,U-TEA,_United-Team_
500174509,UCAF,Unité Chars d'Assaut Français
500009354,UFS,United French Soldiers
500053583,UKN-A,Unknown Army
500057709,ULTB,Ultimate Banana
500222026,ULTI,Ultimate Throwers !
500180916,U_S_B,Un Stylo Bic
500029623,VDF,VOL DE FRAG
500016039,VGX,VIEUX GRINCHEUX
500142168,VL-FR,Vieux Loups Français
500073221,VLAIN,LES VILAINS
500193111,VNISH,V a n i s h
500056768,VNOM,Inject The Venom
500068226,W-T-P,WoT The Phoques
500173552,W0RTH,Semper Fidelis!
500047067,W1NE,On boira du lait quand les vaches mangeront du raisin
500075418,WARFU,Warsong Fury
500020258,WATTS,wattclan
500018384,WFT,White Fire Team
500024401,WH-E,What Else
500051651,WH-EA,LES WHITE EAGLES
500148616,WHIMA,WHITE-MAMBA
500176306,WISP,Unreal as a will-o'-the-wisp
500005597,WLF,Wolf-s
500071826,WLY,we love youaaaa
500153208,WOMS,Wot Of Music
500159347,WONKA,Willy Wonka Official
500074615,WOTIG,Warriors on tiger
500023717,WWAD,We Will All Die !!!
500143851,WYVRN,NEVER SURRENDER !
500141650,W___N,Why_Not
500063385,XTGRX,The Ghost Rider
500180572,Y-_-Y,LES T1T4NS
500213849,YODY,YODARMY
500173140,ZAR0X,ZAR0X SquaD
500159775,ZAROX,ZaRoX SquaD
500066643,ZENIT,Zénith
500007029,ZORGY,La Dolphin Squad
500026717,ZTT,=Zone-Tribale=
500135230,ZUT,Clan Français
500197228,_ADN,Alliance Du Nord
500068286,_AEF_,A-E-F international_FR
500181488,_BFR_,Brigade-Française-Révolutionnaire
500201198,_CEF_,Corps Expéditionnaire Francophone
500239273,_DIB_,Déchets Inertes Batiment
500035734,_DN4_,_ Dark Negative 4ntiSocial _
500021052,_DNA_,Dark Negative AntiSocial
500136477,_FGD_,French Ghost Division
500058750,_FTB_,-Feel The Boss-
500073097,_LDG_,Les Dieux de la Guerre
500025598,_LTN_,Les Templiers Noirs
500061795,_L_L_,La Ligue
500026057,_MC__,Monte Cristo
500025010,_NSC_,Noobs Spécial Compagny
500072492,_PAF_,Les potes au feu
500181356,_PTS,PATRIOTES
500168259,_R4M_,Recrue de l'Académie Militaire
500167518,_RFH_,Reborn From Hell
500142928,_TFS_,The Flying Scouts
500166949,_TLW,The Lone Wolf
500033003,_UNI,United Nations International
500187558,_V7_,V7_Is_Back
500216345,_VNR_,NO PEN NO RAGE
500034569,-JPW-,FR
500267107,9LDD,La 9 ème Légion Des Dragons
500048902,-50-,TANKUL
500049727,-CSR-,CLAN SPECIAL RUSH LECOMBATIF
500160095,-CTU-,Cobra Tank Unit
500010092,-FTS-,French Tigers
500187018,-GENT,GENTLEMAN'S
500054481,-ISD-,-Iron Shield Division-
500221625,-L5D-,Les Scorpions du Désert
500193311,-LBD-,Les Blindés Déglingués
500167592,-MAR-,Leclerc Division Blindée
500030165,-RCC-,503 ème Régiment de Chars de Combat
500023415,00X00,502 eme FFI
500052520,1REC,1er REC
500149377,2GAUL,Les Seigneur de la Guerre
500022767,2GF,Les Grandes Gueules Françaises
500063376,3RDF,3ème Régiment de Dragons de France
500069754,3_RD,3 ème Régiment de Dragons
500071880,5ERD,Le 5e régiment de dragons
500062790,6-4-2,Brigade Blindées Motorisées
500035033,6-BLB,6e Brigade Légère Blindée Française
500029346,A-F-T,association francaise des tankistes
500008205,A-T,Army-Terror
500017178,ABC,Arme blindée Cavalerie
500071757,ACDC-,[ACDC-34] Assaut. Courage. Destruction. Combat
500145263,AK_SD,AnnoracK SquaD
500180090,APER0,Armée de Purs Engins Roulants Onduleux
500073076,ARAC,arachnide
500180388,ARC-,Arctic Wolves
500190672,AT-FE,Attaquants de fer français
500159090,ATX37,Agence Tours X
500188154,AWFR,ALLIANCE WOT FR
500173343,B0OB5,Bande 0bstinément Optimiste Bougrement 5ympathique
500029750,CL-1,Les chars légendaire
500055783,COLT,CoolTeam
500135070,COUQ,LaMarmaille
500183619,CR0A,CORBAC
500068040,D-B-A,La Division Blindée des As
500189061,D-GS,Dragoon Guards
500204407,D7C,Les Dieux du 7ème Ciel
500058997,DODUS,Fédération des volailles en colères
500182034,DR-TE,La-DreamTeam
500068156,E-NS,Entre_Nous
500157501,E-O-S,Elite Of Soldiers
500023820,EGZ,Extrem Gamer Z
500055509,ENDS,FR1ENDS
500010660,ENF,Escadron Noir Français
500071679,F-A-B,Faction Armée Blindée
500191178,F-FT,Fédération Française Des Tankistes
500161730,FAST_,Les Résistant
500035272,FAS_A,French Armored Squad Academy
500018351,FBF,Front des Bretons Fou
500056885,FCM,Fédération des Blindées Français
500157478,FD2F,Frère D'arme 2 France
500010184,FFC,Force Française Cooperation
500070762,FFDC,Fédération Francaise Des Chars
500155229,FIRE1,Fire-one
500002762,FLING,Tontons Flingueurs
500065769,FOXYS,Frenchie Foxys
500040149,FPZ,Flying Panzers
500032830,FRA-C,Français Régiment Armée - Char
500136748,FRDOG,FRDOG
500026040,FRW0T,Français de world of tanks
500047829,G-H-Q,the death croques
500069402,GENIE,We are Genies in Tanks ... Watch out ...!!
500170067,GIBF,Groupe d'Intervention Blindé Français
500030459,GIFF,groupe intervention force française
500157469,GRIFF,GRIFFONS
500065862,HYENE,Les Chars Rognards
500164254,IDORI,IDORI
500037465,I_G_O,Insurgency-Offensive-Fr
500065083,L-C-T,Les Chevaliers Tankistes
500159588,L-GT,Les GROSTUBES
500188905,L-S-V,Les Sans Visages
500017729,LADBF,La Division Blindée Française
500232037,LBDP,Le Bataillon du Phoenix
500051306,LBE,Légion Blindée d'Elite
500218547,LCDF1,Le cercle de feu
500065825,LCTM,les choco tanks milka
500148982,LDDLM,LES DIVISION DE LA MORT
500189527,LEGS_,... Les égarés ...
500055682,LERN,L'excellence Région Nord
500147410,LFDLC,Les Freres De La Cote
500066723,LFFL,La Force Française Libre
500019139,LIB,LIBERTA
500153782,LRDV,La Rage De Vaincre
500198867,LRTA,Les-Rapaces-Taga
500155592,LSDA1,LES SURVIVANTS DE L'ANKOU
500075921,LTD-M,La taverne des mercenaire
500136626,LTI,Les Tankistes Inconnus
500190009,LTIE,les tigres enragés
500025561,M-O-F,metal on fire
500028812,MFD,Motorised French Division
500074015,MIGAM,mister gamer
500204632,M_AT,Masters de l'Army Terror
500148919,N0RG,No Regrets
500052662,NBFR,NAPOLÉON BONAPARTE
500159979,NERZH,breizh atao
500012392,P-A,Phoenix Angels
500027810,PGDLP,les 20 gardien de la paix
500062001,RASW,Rush And Stealth
500072798,RNG__,LES RENEGATS
500162943,S-2F,Smile For Fun
500038630,SD-FR,Les Supers Dupont
500144501,SP-FR,SPARTACUS
500179118,STLTK,STEEL TRACKER
500075181,SWIP3,La Releve
500055227,S_Q_D,_SuicideSquad_
500075914,TFDFR,The French Devil's
500067665,TKP,Tankiste Prédator
500069219,TOXYC,TOXYC CAT
500166399,TR9,{ TEAM ROCKET }
500185838,TUBAE,TheTankTrumpet
500070120,TUSK,Les MORSES
500197528,TXAFN,T10 Are For Noobs
500161162,UFFS,Unicum French Furious Snipers
500055209,UT-FR,Ultimate Team Française
500031667,VAE-V,Vae Victis
500058806,VTSC,Véhicules Tractés Sur Chenilles
500064475,VV-FR,Vae Victis FR
500135102,WFOX,Les WarFox
500045720,WSFR,WarriorsSheeps {FR}
500050063,YAUTE,La Yaute
500022008,_FC_,Freres de combat
500136693,_KENS,Les re-survivants de l'Enfer
500055817,_LTV_,Les Tankistes Vosgiens
500160664,_LVGF,La Vieille Garde Française
500067848,_TDT_,The Dark Triad
500040041,1DBFR,1er division de véhicule blindé française
500275972,501DB,501é Division de Blindé
500184980,APRAW,AP-RAW
500148798,BS-FR,-| Baguette Squad |- [FR]
500211252,DR4CO,Dragons Rageux 4ème Compagnie
500309715,GAAAZ,JOE BAR
500256083,OGX,★ On The Galaxy ★
500282197,PAC-A,Provence Alpes Cote d'Armure
500263835,ROANS,ROAXONS
500210226,SHTFR,SHOOTS
500000379,-DPX-,La Division Phoenix
500016487,-FBW-,Franco/Belge-WOT
500029821,-FRD-,La Division Française
500196157,-IJN-,SAKURA EMPIRE
500173392,-L-BH,La bonne humeur
500190693,-LML-,La Manche Libre
500061337,-LTG-,La Tribu des Gaulois
500066080,-WOB,World Of Beuveries
500017800,02DTC,Dans Ta Chenille
500019578,10RD,10 ème Régiment de Dragons
500072333,13DB,13eme division blinde
500071201,1DCG,1ère Division Des Chiens de Guerres
500216883,1RCAF,1er Régiment des Combattants d'Assaut Fançais
500161748,1RFB,1er Régiment français de baguette tradition
500046165,1_RDB,1° Régiment des Dragons Blindés
500058498,2DBF,2éme division blindé francaise
500193101,2EDBL,la 2e division blinder de leclerc
500072871,301UE,301ème Unité d' Elite
500180728,54RBF,54ème Régiment de Blindés Français
500134986,59-87,les traqueurs
500002957,7CIE,7 COMPAGNIE Fr
500180435,ASTRX,ASTERIX
500184550,ATRE,Les Atréides
500010560,B-D-P,La Bande De Potes
500027487,B-UP,BLOWN-UP
500029145,BC-L,Lycée BC Liberté
500004992,BCIE,BadCompany
500044476,BG_DT,Les brigades du tigre
500056099,BIMA,Bellator In Machina
500163843,BISOU,Bisou
500153616,BKFR,BlitzKriegFR
500049508,BRY,le Berry
500002125,BTK,Born To Kill
500188130,B_O_V,Birth Of Victory
500189367,C-DAM,Chez-Dami
500161544,C58_,C58_
500183660,CCI-F,Les Compagnons Cuirassiers Immortels
500158538,CESAR,La IXème Légion
500034579,CFCC,Compagnie Francophone De Chars De Combat
500186264,CPAFO,compagnie paramilitaire fortuite
500185420,CRDLT,CORDIALEMENT
500026752,CVR,Clan des vieux raleurs
500186032,DBFRL,Division Blindée Française Libre
500028710,DDAY2,D-Day Company 2
500051102,DI2,Dirty 12
500056544,DI4AS,"Division des quatre As, As de trèfle"
500068823,DSWL,DARK SHADOW LEGION
500064520,DVT,Divergent
500009703,D_DAY,D-Day Company
500070651,D_I_L,"La Division Infernale "" LASALLE "" ( Clan LVGF )"
500024758,D_L_,DARK__LEGION
500013424,EL_ON,Elsass_niniouff68
500164577,EXC4L,Les Chevaliers de Kaamelott
500180661,E_V,Elite Valkyrie Esport
500036701,F-RIP,Repose en Paix
500156576,FBU,Federation des Blindés Unis
500053447,FC76,Fight_Club
500007703,FFL,Forces Françaises Libres
500056189,FKISS,Escadron French Kiss
500033973,FR19,Brothers in Wars
500006562,FRROG,Frenchie Raiders Rolling Over ground
500186195,FRS54,Les Solitaires
500010215,HFR,HFR
500028552,IN-VI,--INVICTUS--
500055251,INDE,Les Indépendants
500190730,I___I,[I___I]
500010472,KDX,KDX
500028440,KLOTT,Les résistants de Kaamelott
500194382,KOYOT,Les Coyotes
500143792,L-0-W,Legion of the Wolves
500150629,L-FR,Les Fraternels
500135685,L-PFR,LES PAPIS FLINGUEURS
500006968,L1DCF,La 1° Division Des Chars Francophones.
500187828,LAEG,L'Armée Éclatante Galvanisée
500193283,LBA-1,Le Bataillon Ailé
500064041,LBRFR,LES_BARBARES
500066324,LCD-A,Les Copains d' Abord
500160590,LCDLL,Les Combattants de la liberté
500179430,LCHP,Les Helvetes Poilus
500055922,LCKC,Les canons cassés
500018278,LCTF,Les Cobras Team French
500030741,LDHP,"légion des damnés, honneur et patrie"
500031033,LE-FR,La Légion de l'Extrême France !
500158796,LE-MA,Légion MAGMA
500066062,LEDP,Les éléphants de porcelaine
500177052,LFDL,Les Fer De Lance Fr
500054962,LFDTS,Les Fossoyeurs De Tanks
500152774,LLDS,La Légion Des Survivants
500196367,LSBKS,Les_Brankignoles
500191129,LTDLG,les tankiste de la galaxie
500173695,LTFX,les toufailloux
500076453,LTTFS,Les.TonTons.Flingueurs
500160222,LVGB,Les Vieilles Gueules de Bois
500013131,L_M_F,Les Maraudeurs francais
500160584,L_R_T,Les Requins Tankistes
500034487,L_S_F,Les Survivants Français
500192963,L_TF,Les TankistesFrancais
500165022,NAABS,"Nul ?, Oui, mais nous on assume."
500177595,NEXT-,-NEXT-
500158570,NHOE,sauron
500075458,NMDS,~NoMaDs~
500165500,NOML,No Man's Land
500006074,NVS,NOVA SNAIL
500159547,OBFB,Old Boys
500192917,OPNEW,Old Players New Times
500067593,PAPY,les-papy's
500138220,PIGG,strOnk krOnk
500209232,PTBC,Prepa To Bad Company
500136964,ROGNE,La charogne française
500144117,RTXFB,Régiment Tankiste eXpert Franco-Belge
500149065,SCHT,Les Schtroumpfs
500154978,SHIC,Sharing is Caring
500065864,SK-FR,SkullZfrance School
500070081,SKALP,SKALP
500174387,SOHR,SONS OF HELL REBORN
500067389,SPFR,SEMPER FI FR
500015403,SWFT,Silent Wolf French Team
500029811,T-K-O,TanKistadOrs
500189351,TLT_,Tuez Les Tous
500050771,TR0D,Team Ressurection Of Destroyers
500074102,ULUS,ULUS
500027008,URM0M,urmomlovme.
500160132,VALKI,Valkyrias
500177015,VULSF,VulsFire
500163519,WOOFT,World of Time
500199809,WORD1,L WORLDS
500158383,_CDC_,Les Canons des Corsaires
500163146,_FAF_,Frères d'arme FR
500047240,_L-F_,L'équipe francophone
500193895,_LDD_,La Division Damoclès
500137697,_NRV_,NRV
500189580,_OOVM,Objectif on va vous mickey
500195594,_PTS2,PATRIOTES²
500135236,-BDF-,Battaboom Defense Forces 161 Squad
500180349,-BZH,La Meute De Loup [-BZH]
500024514,-CRC-,Les Charognards Couillus
500068065,-E-C-,EASY COMPANY - 101e aéroportée
500018851,-FK,French Kiss
500151327,-FMJ-,France Muti Joueurs
500069287,-LDT-,L'armée Des Tanks
500178397,-LTW-,LIVE TO WIN
500019693,-LVS-,Les Vrais Méchants
500198662,-MPP,MEME PAS PEUR
500046824,-PFS,Penetration For Sure
500008920,-RAC-,/!\ French Black Wolves /!\
500149021,-RFB-,Régiment Francophone Blindés
500044881,-WX-,the hopes
500212318,0NLY4,Tier IV ONLY
500146637,1-ECC,1er Escadron de Chasseurs de Chars
500214812,101-E,La 101ᵉ Airborne
500141409,11RCH,11 Régiment de chasseur
500053852,12SAL,Les 12 Salopards
500158597,13RCB,13e Régiment de Cavalerie Blindée
500154928,1DOGE,World Of Doge Memes
500011142,1LCC,Les Cinglés de la Chenille
500012411,2277,Division des Chars Francais
500064278,25ECC,25° Escadron de Char de Combat
500180850,2BR,2ème brigade blindée
500159507,4DCC,4ème Division de Cuirassée Connétable
500197801,501-L,501-Legion
500137423,50314,503rcc
500164887,5AMX,5e Division AMX
500020554,5RD,5eme régiment des dragons
500053928,6-PDW,6. Panzerdivision walhalla
500181398,756,FRANCE60
500059025,7CTC,La 7éme compagnie du train au combat
500191773,7EC59,La 7eme Compagnie 59
500188818,7PX,My don't camp and Frensh playeur
500052912,9RCA,9e Régiment de chasseurs d'afrique
500208151,A-Y-D,Arty yolo division
500163755,AC_DC,Malcolm is not dead
500008990,AKFIG,Les Acariatres de la French Imperial Guard
500174032,ALSIA,Alesia-anime
500019787,AMXDB,FORMATION des AMXFR Division Blindée
500164287,APCRS,LES OBUS PERFORANTS
500185510,ARTI-,ARTI SQUAD
500066349,ATHIA,ALETHEIA
500192638,A_ACE,Association Ace United
500006190,BAC,Binouz'Ours Anti-Chars
500148189,BAM,B.A.M
500164302,BB_B,Burn Baby Burn
500212877,BEHUN,.BeHun.
500160964,BHIND,Benny Hill Is Not Dead !
500146487,BIGOR,Brigade Bigor
500177114,BOGSE,Belgo-suisse
500187075,BR4NK,Les Branquignoles
500197247,BROTH,Brother
500056446,BZ-FS,Breizh Fighting Spirit
500135654,BZH-E,Breizh Empire
500039593,BZH22,_BZH 22_Celtic Armor Clan
500184954,B_0_B,Band_0f_Brothers
500183716,B_6,Taillefer
500177737,CABO,Canes Borealis
500191794,CAN-E,Canard Esport
500209699,CCM4F,ChaosCorp
500183345,CDCI,Cuirassiers de chocs impérial
500057138,CFP,clan french power
500066358,CHAFE,Les Amis du Chaffee
500013777,CHAR,Caratériel Hargneux Amical Raleur
500044694,CHTI,1er DB CH'TIMI 59/62
500178545,CIMEN,LaCimentière
500202316,CMOIS,World of Michel
500158573,CPIR,Compagnie Pithivier
500190281,CR-M,CrewMaggle
500192576,CROQU,Team Croquette
500015416,CROWS,A Murder of Crows
500070707,D-BZ,Division du Big Zoo
500172703,DATA,DATABASE
500221000,DATAC,Danish Tank Commanders
500176095,DAYZ,Résistance
500068567,DBALF,Division Blindée et Artillerie Lourde de France
500202205,DF-B,Die Deutsch-Französische-Brigade
500030085,DF-FR,Delta Force Francaise
500186075,DFDT,Direction Française Des Tanks
500200611,DKGHT,Darknight
500063556,DS-C,Dumb Steeled Cheeses
500159295,DVNG,Division Ghost-FR
500146615,E45T,The Eastern Regiment V4V front
500054917,EFOR,EuroForce
500192659,EFRP,96ème Escadron Français de Percé
500030098,EFTAC,Ecole de Formation aux Techniques Anti-Chars
500184264,EGSF,Empire General Staff Force
500046420,EN3R,ROTATIONS D'ENER
500156090,EXIL3,EXIL3 - French Baguettes
500064981,F-B-A,Francais Bonne Ambiance
500049502,F-W-S,French White Skulls
500006824,FAFE,Forces Armées FrancophonEs
500034139,FAMAS,les FAMeux ASsocié
500174070,FBCA,Force Blindée Champ-Ardennaise
500137446,FD-EA,French Division of the Electric Angels
500029549,FDMT,French Deglingos Master Team
500158884,FENEC,FENNEC FOX-TEAM
500219866,FEUJ,MouquetteGang
500211275,FFTIR,tireur de france
500047252,FFWOT,Fédération Française de World Of Tanks
500180828,FORGE,FORGE
500013971,FR-O-,FRos
500199579,FRCA,French Army Clan
500064885,FRENF,French Division
500170163,FRLTC,La team covenanter
500000359,FROG,FrogSwarm
500046630,FTF,Fear The French
500136093,GADFR,les Gwen ar Du
500135937,GROIN,raloufland
500138663,GUP17,Girls_und_Panzer_2017
500006475,ICE,ICE
500222504,IMPR,IMPERATORS OF TANKS
500011718,IRWT,In rush we thrust
500182688,JUGE,FR - RUS - ENG
500214535,K4OS,K4OS
500195657,KBZ,Les kebtzer
500178352,KIEV,Kiev Ukraine
500063494,KMKFR,Kamikaze France
500188191,KOMA-,KOMA
500198801,L-CDM,La Cour Des Miracles
500216516,L-FT,Les Francophones Tankistes
500193010,L-MGC,Lins-Multy-Games-community
500191786,L-SPK,Les Spartakistes
500151883,L7CIE,La 7éme Compagnie
500181700,LADA,Profi Wot osok
500049079,LADLL,Les Aigles de la liberté
500176805,LATKS,les amis tankiste
500206806,LBDDF,La Bande Des Déjantés Foldingues
500024750,LBU,La Légion Blindée Unifiée
500220793,LBV,Les Baguettes Volantes
500028637,LCDF,Les Camarades De Front
500014075,LCG,Les cochons de guerre
500159286,LCJF,le clan des joueurs français
500187254,LDIDM,LES LIONS DES ILES DES MASCAREINGES
500207788,LDSTS,Les deserteurs
500197202,LESBA,Les Bruleurs d'Acier
500156049,LG-FR,Légion Française
500189773,LPZC,Les Panzer Confinés
500211992,LRBL,Le rebelle
500174679,LSDL6,les scorpion de la victoire 6
500067765,LTDFR,Les Tourélos Déjantés
500190005,LTDV,la tribu des vieux
500073483,LVTFR,Les vétérans Tankistes
500214285,M-ES,Millenium Clan
500179922,MAC,PAR SAINT MICHEL
500180455,MMIBX,MMI BORDEAUX
500216396,N7SR2,Normandy SR2
500145554,NDBFR,Noir de Bigorre
500138588,NEED-,Need a Target
500044732,NEMS,Ilyapasdesushi
500008210,NGC,ngc404
500031156,NOOT,NoobTroop
500216800,NTL,Les Tankiste Nuls
500163962,N_E,Neverending
500195384,OMEGA,To the Last Man
500064210,OP-N,Opreration's noobs
500215552,OTARI,ESCOUADE OTARIE
500164862,P-A-X,Ad Augusta Per Angusta
500194333,P-CF,Puissance des Cookie Français
500067310,PAPI5,Hospice
500056273,PESOS,PESOS
500209208,PNEU,Les Pneus
500181137,PZ77,Coupvray
500182000,PZFRA,La Marche
500151918,R-D-V,The red devils.
500008190,RAID,French familly
500154688,RB-FM,Régiment blindé de fusiliers-marins
500136411,RCFFR,Royal Cookie Force Française
500211519,RIC,RAGE IN COMING
500199611,RTBM,Les Prépaïstes
500071733,R_S_L,Radley Walters
500063075,S6S,Sixième-Sens
500174970,SAGE,le loup sage
500193068,SSBLU,SongSungBlue
500062428,SWOW,shadows whisper of war
500020397,T1ME_,Time is running
500203721,T26E4,Les Supers Pershing
500168125,TACOS,PIÑATA
500181610,TAKFR,Tankistes Français
500034771,THORS,Justice_FR
500198834,TNTFR,Tanks Français
500161288,TREAD,Just TREAD !!!
500198187,TR_IT,_TRITON_
500061344,TSGA,The Second Ghost Army
500278071,V4V,Vonu4iyVeter
500136004,VC_FR,Vieilles Canailles
500187797,VDLV,Vieux de la Vieille
500178021,VKG97,VIKING974
500218950,WOLV,WolVeio
500200345,WRC_,Team WRC
500190948,WSQ,WOLOLO SQUAD
500031601,WTYD_,WELCOME TO YOUR DEATH
500026772,WW3,World War 3 Tankers
500209733,YIYA,Yin et Yang
500193747,Z0B,Les Décapsuleurs Enragés
500193377,ZOB-,Cochonou
500181084,_SGS_,Steel_Games_Studio
